<?xml version="1.0" encoding="UTF-8"?>
<project-private xmlns="http://www.netbeans.org/ns/project-private/1">
    <editor-bookmarks xmlns="http://www.netbeans.org/ns/editor-bookmarks/2" lastBookmarkId="0"/>
    <open-files xmlns="http://www.netbeans.org/ns/projectui-open-files/2">
        <group>
            <file>file:/opt/lampp/htdocs/FlimBoard/Vv.php</file>
            <file>file:/opt/lampp/htdocs/FlimBoard/Vp.php</file>
            <file>file:/opt/lampp/htdocs/FlimBoard/datafetch.php</file>
            <file>file:/opt/lampp/htdocs/FlimBoard/Master_Page_Sub.php</file>
            <file>file:/opt/lampp/htdocs/FlimBoard/Videos.php</file>
            <file>file:/opt/lampp/htdocs/FlimBoard/Main_Controller.php</file>
        </group>
    </open-files>
</project-private>
